date,value,key
0,0,Illyrio-Mopatis
0,0,Alliser-Thorne
0,0,Jory-Cassel
0,0,Heward
0,0,Loras-Tyrell
0,0,Jeor-Mormont
0,0.014146772767462422,Sansa-Stark
0,0,Albett
0,0,Desmond
0,0,Petyr-Baelish
0,0,Jonos-Bracken
0,0,Jhiqui
0,0,Robert-Arryn
0,0,Syrio-Forel
0,0,Othor
0,0,Boros-Blount
0,0,Benjen-Stark
0,0,Qotho
0,0,Hobb
0,0,Nestor-Royce
0,0,Robb-Stark
0,0,Balon-Swann
0,0.006410256410256401,Waymar-Royce
0,0,Oswell-Whent
0,0,Will-(prologue)
0,0,Alyn
0,0,High-Septon-(fat_one)
0,0,Marillion
0,0,Varys
0,0,Edmure-Tully
0,0,Kurleket
0,0,Gregor-Clegane
0,0,Shagga
0,0,Randyll-Tarly
0,0,Gerold-Hightower
0,0,Torrhen-Karstark
0,0,Jeyne-Poole
0,0,Moreo-Tumitis
0,0,Tobho-Mott
0,0,Donal-Noye
0,0,Arya-Stark
0,0.020987654320987655,Jon-Snow
0,0,Cayn
0,0,Jon-Arryn
0,0,Harwin
0,0,Rodrik-Cassel
0,0,Barristan-Selmy
0,0,Hosteen-Frey
0,0,Addam-Marbrand
0,0,Stiv
0,0,Rast
0,0,Brynden-Tully
0,0,Pypar
0,0,Donnel-Waynwood
0,0,Maegor-I-Targaryen
0,0,Mord
0,0,Renly-Baratheon
0,0,Arys-Oakheart
0,0,Chella
0,0,Gunthor-son-of-Gurn
0,0,Grenn
0,0,Jhogo
0,0,Quaro
0,0,Walder-Frey
0,0,Porther
0,0,Hoster-Tully
0,0,Aegon-I-Targaryen
0,0,Daryn-Hornwood
0,0,Kevan-Lannister
0,0,Rickard-Karstark
0,0,Bronn
0,0.42098765432098767,Eddard-Stark
0,0,Jaime-Lannister
0,0,Leo-Lefford
0,0,Cersei-Lannister
0,0,Rakharo
0,0,Lancel-Lannister
0,0,Danwell-Frey
0,0.0024725274725274707,Bran-Stark
0,0,Morrec
0,0,Mychel-Redfort
0,0,Rhaego
0,0,Aemon-Targaryen-(Maester-Aemon)
0,0,Yoren
0,0,Dolf
0,0,Rhaegar-Targaryen
0,0,Jafer-Flowers
0,0,Tyrion-Lannister
0,0,Conn
0,0,Irri
0,0,Todder
0,0,Lyn-Corbray
0,0,Beric-Dondarrion
0,0,Wyl-(guard)
0,0,Hugh
0,0,Hullen
0,0,Tytos-Blackwood
0,0,Bowen-Marsh
0,0,Shae
0,0,Mance-Rayder
0,0,Stevron-Frey
0,0,Stannis-Baratheon
0,0,Rickard-Stark
0,0,Mace-Tyrell
0,0,Wylla
0,0,Jacks
0,0,Jaremy-Rykker
0,0,Jommo
0,0,Ogo
0,0,Osha
0,0,Coratt
0,0,Jon-Umber-(Greatjon)
0,0,Jared-Frey
0,0,Maege-Mormont
0,0,Chett
0,0,Aerys-II-Targaryen
0,0,Aggo
0,0,Mordane
0,0,Mirri-Maz-Duur
0,0,Theon-Greyjoy
0,0,Haggo
0,0,Halder
0,0,Samwell-Tarly
0,0,Doreah
0,0,Eon-Hunter
0,0,Chiggen
0,0.07757575757575758,Daenerys-Targaryen
0,0,Jorah-Mormont
0,0,Harys-Swyft
0,0,Gared
0,0,Robert-Baratheon
0,0,Janos-Slynt
0,0,Mya-Stone
0,0,Hodor
0,0,Tywin-Lannister
0,0,Sandor-Clegane
0,0,Galbart-Glover
0,0,Lysa-Arryn
0,0,Thoros-of-Myr
0,0,Luwin
0,0,Tregar
0,0,Clement-Piper
0,0,Lyanna-Stark
0,0,Nan
0,0,Jyck
0,0,Meryn-Trant
0,0,Catelyn-Stark
0,0,Joss
0,0,Matthar
0,0,Tommen-Baratheon
0,0,Ilyn-Payne
0,0,Joseth
0,0,Arthur-Dayne
0,0,Brandon-Stark
0,0,Paxter-Redwyne
0,0,Viserys-Targaryen
0,0,Cohollo
0,0,Hallis-Mollen
0,0,Mycah
0,0,Karyl-Vance
0,0,Marq-Piper
0,0,Hali
0,0,Rickon-Stark
0,0,Masha-Heddle
0,0,Vardis-Egen
0,0,Pycelle
0,0,Gendry
0,0,Varly
0,0,Tomard
0,0,Balon-Greyjoy
0,0,Timett
0,0,Howland-Reed
0,0,Fogo
0,0,Willis-Wode
0,0,Drogo
0,0,Roose-Bolton
0,0,Vayon-Poole
0,0,Eroeh
0,0,Dareon
0,0,Raymun-Darry
0,0,Wendel-Manderly
0,0,Ulf-son-of-Umar
0,0,Colemon
0,0,Joffrey-Baratheon
0,0,Dywen
0,0,Clydas
0,0,Myrcella-Baratheon
0,0,Captain-Myraham
0,0,Shadrich
0,0,Rory
0,0,Val
0,0,Robin-Flint
0,0,Lynesse-Hightower
0,0,Imry-Florent
0,0,Sarella-Sand
0,0,Doran-Martell
0,0,Farlen
0,0,Grazhar
0,0,Bryce-Caron
0,0,Elys-Waynwood
0,0,Lark
0,0,Dick-Crabb
0,0,Baelor-I-Targaryen
0,0,Baelor-Blacktyde
0,0,Donella-Hornwood
0,0,Hyle-Hunt
0,0,Belwas
0,0,Rolph-Spicer
0,0,Torbert
0,0,Jaehaerys-I-Targaryen
0,0,Jonothor-Darry
0,0,Lucifer-Long
0,0,Ballabar
0,0,Luton
0,0,Harl
0,0,Areo-Hotah
0,0,Bellegere-Otherys
0,0,Jon-Fossoway
0,0,Brea
0,0,Meldred-Merlyn
0,0,Coldhands
0,0,Xaro-Xhoan-Daxos
0,0,Aegon-Targaryen-(son-of-Rhaegar)
0,0,Victarion-Greyjoy
0,0,Squint
0,0,Varamyr
0,0,Morgo
0,0,Lorren
0,0,Pylos
0,0,Illifer
0,0,Melisandre
0,0,Cleos-Frey
0,0,Gerald-Gower
0,0,Dontos-Hollard
0,0,Clarence-Crabb
0,0,Ulmer
0,0,Ysilla
0,0,Rossart
0,0,Marselen
0,0,Sigorn
0,0,Malaquo-Maegyr
0,0,Ryk
0,0,Nurse
0,0,Anya-Waynwood
0,0,Archibald-Yronwood
0,0,Lewys-Piper
0,0,Tyene-Sand
0,0,Dalla
0,0,Barsena
0,0,Khrazz
0,0,Shireen-Baratheon
0,0,Sweets
0,0,Tormund
0,0,Quellon-Greyjoy
0,0,Cotter-Pyke
0,0,Qarl-the-Maid
0,0,Taena-of-Myr
0,0,Reek
0,0,Merrit
0,0,Bael-the-Bard
0,0,Groleo
0,0,Caggo
0,0,Jaqen-Hghar
0,0,Gerrick-Kingsblood
0,0,Mero
0,0,Hop-Robin
0,0,Olyvar-Frey
0,0,Lyonel-Corbray
0,0,Daemon-Sand
0,0,Brynden-Rivers
0,0,Chayle
0,0,Greydon-Goodbrother
0,0,Rolly-Duckfield
0,0,Kasporio
0,0,Kojja-Mo
0,0,Ebben
0,0,Shortear
0,0,Dick-Follard
0,0,Torghen-Flint
0,0,Big-Boil
0,0,Cley-Cerwyn
0,0,Mad-Huntsman
0,0,Ramsay-Snow
0,0,Denys-Mallister
0,0,Lorent-Caswell
0,0,Denyo-Terys
0,0,Daeron-I-Targaryen
0,0,Mathis-Rowan
0,0,Unella
0,0,Marlon-Manderly
0,0,Ottyn-Wythers
0,0,Grisel
0,0,Petyr-Frey
0,0,Arthor-Karstark
0,0,Sour-Alyn
0,0,Rhaegar-Frey
0,0,Yandry
0,0,Smiling-Knight
0,0,Tom-of-Sevenstreams
0,0,Manfrey-Martell
0,0,Chataya
0,0,Clubfoot-Karl
0,0,Blue-Bard
0,0,Ravella-Swann
0,0,Tattered-Prince
0,0,Emmett
0,0,Stygg
0,0,Willow-Witch-eye
0,0,Gorold-Goodbrother
0,0,Gormond-Goodbrother
0,0,Wylis-Manderly
0,0,Mallador-Locke
0,0,Robert-Strong
0,0,Hareth-(Moles-Town)
0,0,Palla
0,0,Edric-Storm
0,0,Larraq
0,0,Steffon-Varner
0,0,Gynir
0,0,Kerwin
0,0,Cletus-Yronwood
0,0,Nymeria-Sand
0,0,Anguy
0,0,Rowan
0,0,Alys-Karstark
0,0,Gyles-Rosby
0,0,Orell
0,0,Gormon-Tyrell
0,0,Steffon-Baratheon
0,0,Willam-Dustin
0,0,Brenett
0,0,Quaithe
0,0,Hotho-Harlaw
0,0,Skinner
0,0,Aggar
0,0,Roger-Ryswell
0,0,Eddison-Tollett
0,0,Pyg
0,0,Kella
0,0,Porridge
0,0,Lanna-(Happy-Port)
0,0,Lysono-Maar
0,0,Black-Balaq
0,0,Jason-Mallister
0,0,Dunsen
0,0,Missandei
0,0,Squirrel
0,0,Scar
0,0,Belaquo
0,0,Ben-Bones
0,0,Lothar-Frey
0,0,Helman-Tallhart
0,0,Matthos-Seaworth
0,0,Walgrave
0,0,Armen
0,0,Richard-Horpe
0,0,Robin-Ryger
0,0,Selwyn-Tarth
0,0,Azor-Ahai
0,0,Josmyn-Peckledon
0,0,Garlan-Tyrell
0,0,Vargo-Hoat
0,0,Jon-Connington
0,0,Timoth
0,0,Justin-Massey
0,0,Guncer-Sunglass
0,0,Lollys-Stokeworth
0,0,Meris
0,0,Dalbridge
0,0,Waif
0,0,Aenys-Frey
0,0,Andrey-Dalt
0,0,Bartimus
0,0,Munda
0,0,Ben-Plumm
0,0,Willow-Heddle
0,0,Polliver
0,0,Arron
0,0,Dorcas
0,0,Lommy-Greenhands
0,0,Cutjack
0,0,Margaery-Tyrell
0,0,Kegs
0,0,Dryn
0,0,Barbrey-Dustin
0,0,Marghaz-zo-Loraq
0,0,Hagen
0,0,Oznak-zo-Pahl
0,0,Sylva-Santagar
0,0,Alleras
0,0,Garin-(orphan)
0,0,Trystane-Martell
0,0,Osmund-Kettleblack
0,0,Corliss-Penny
0,0,Rorge
0,0,Rhaenys-Targaryen
0,0,Eustace-Brune
0,0,Shitmouth
0,0,Terrance-Lynderly
0,0,Elmar-Frey
0,0,Tycho-Nestoris
0,0,Khorane-Sathmantes
0,0,Amory-Lorch
0,0,Beth-Cassel
0,0,Caleotte
0,0,Moqorro
0,0,Mag-Mar-Tun-Doh-Weg
0,0,Morra
0,0,Hugh-Hungerford
0,0,Qezza
0,0,Elia-Martell
0,0,Aron-Santagar
0,0,Narbert
0,0,Scolera
0,0,Forley-Prester
0,0,Haldon
0,0,Davos-Seaworth
0,0,Rodrik-Harlaw
0,0,Emmon-Frey
0,0,Harrold-Hardyng
0,0,Cortnay-Penrose
0,0,Quentyn-Martell
0,0,Owen
0,0,Walda-Frey-(daughter-of-Merrett)
0,0,Umma
0,0,Blane
0,0,Ardrian-Celtigar
0,0,Alerie-Hightower
0,0,Creighton-Longbough
0,0,Mark-Mullendore
0,0,Garth-(Wolfs-Den)
0,0,Hot-Pie
0,0,Small-Paul
0,0,Gilly
0,0,Godry-Farring
0,0,Shrouded-Lord
0,0,Osney-Kettleblack
0,0,Mors-Umber
0,0,Torwold-Browntooth
0,0,Sybell-Spicer
0,0,Tristifer-IV-Mudd
0,0,Harren-Hoare
0,0,Robar-Royce
0,0,Gariss
0,0,Draqaz
0,0,Walder-Frey-(son-of-Jammos)
0,0,Brella
0,0,Kurz
0,0,Ricasso
0,0,Lyle-Crakehall
0,0,Kedry
0,0,Steelskin
0,0,Softfoot
0,0,Grimtongue
0,0,Tion-Frey
0,0,Wick-Whittlestick
0,0,Vyman
0,0,Balman-Byrch
0,0,Daeron-II-Targaryen
0,0,Soren-Shieldbreaker
0,0,Leaf
0,0,Ronnet-Connington
0,0,Grey-Worm
0,0,Kyra
0,0,Godric-Borrell
0,0,Hugo-Vance
0,0,Byam-Flint
0,0,Xhondo
0,0,Tristifer-Botley
0,0,Holly
0,0,Mariya-Darry
0,0,Ezzara
0,0,Frenken
0,0,Aurane-Waters
0,0,Benedar-Belmore
0,0,Euron-Greyjoy
0,0,Raynard
0,0,Sallor
0,0,Guyard-Morrigen
0,0,Eldon-Estermont
0,0,Hobber-Redwyne
0,0,Arson
0,0,Rattleshirt
0,0,Othell-Yarwyck
0,0,Visenya-Targaryen
0,0,Torgon-Greyiron
0,0,Cedra
0,0,Raymun-Redbeard
0,0,Rosey
0,0,Ternesio-Terys
0,0,Daario-Naharis
0,0,Brusco
0,0,Bloodbeard
0,0,Leona-Woolfield
0,0,Rugen
0,0,Hallyne
0,0,Zei
0,0,Dagmer
0,0,Tansy
0,0,Joramun
0,0,Sybelle-Glover
0,0,Moelle
0,0,Koss
0,0,Jeyne-Westerling
0,0,Grazdan-mo-Eraz
0,0,Vylarr
0,0,Ellaria-Sand
0,0,Ralf-(Limper)
0,0,Falyse-Stokeworth
0,0,Spare-Boot
0,0,Meralyn
0,0,Talbert-Serry
0,0,Prendahl-na-Ghezn
0,0,Dobber
0,0,Anders-Yronwood
0,0,Qhorin-Halfhand
0,0,Walton
0,0,Tickler
0,0,Dirk
0,0,Maggy
0,0,Wulfe
0,0,Tysha
0,0,Simon-Toyne
0,0,Captain-Myraham-Daughter
0,0,Harma
0,0,Emrick
0,0,Haggon
0,0,Husband
0,0,Leonette-Fossoway
0,0,Stafford-Lannister
0,0,Hake
0,0,Owen-Merryweather
0,0,Denys-Darklyn
0,0,Wun-Weg-Wun-Dar-Wun
0,0,Penny
0,0,Lambert-Turnberry
0,0,Megga-Tyrell
0,0,Weasel
0,0,Gyles-Grafton
0,0,Miklaz
0,0,Gerold-Grafton
0,0,Willas-Tyrell
0,0,Colen-of-Greenpools
0,0,Joanna-Lannister
0,0,Maekar-I-Targaryen
0,0,Harras-Harlaw
0,0,Oberyn-Martell
0,0,Roose-Ryswell
0,0,Thoren-Smallwood
0,0,Walder-Rivers
0,0,Rus
0,0,Grigg
0,0,Roslin-Frey
0,0,Robett-Glover
0,0,Hizdahr-zo-Loraq
0,0,Jarman-Buckwell
0,0,Theobald
0,0,Rhaella-Targaryen
0,0,Weese
0,0,Yohn-Royce
0,0,Fulk
0,0,Murenmure
0,0,Gawen-Westerling
0,0,Murch
0,0,Lamprey
0,0,Tom-Barleycorn
0,0,Amerei-Frey
0,0,Bump
0,0,Dunstan-Drumm
0,0,Patrek-of-Kings-Mountain
0,0,Dancy
0,0,Lothor-Brune
0,0,Oswell-Kettleblack
0,0,Qyburn
0,0,Urzen
0,0,Ashara-Dayne
0,0,Orton-Merryweather
0,0,Reznak-mo-Reznak
0,0,Rennifer-Longwaters
0,0,Rollam-Westerling
0,0,Axell-Florent
0,0,Meribald
0,0,Allar-Deem
0,0,Martyn-Rivers
0,0,Hoster-Blackwood
0,0,Mollander
0,0,Monford-Velaryon
0,0,Mebble
0,0,Watt
0,0,Yezzan-zo-Qaggaz
0,0,Jonquil
0,0,Toregg
0,0,Lucas-Codd
0,0,Symon-Silver-Tongue
0,0,Lyanna-Mormont
0,0,Jocelyn-Swyft
0,0,Obara-Sand
0,0,Biter
0,0,Jeyne-Heddle
0,0,Shagwell
0,0,Marya-Seaworth
0,0,Maddy
0,0,Lewyn-Martell
0,0,Lemore
0,0,Spotted-Cat
0,0,Desmond-Grell
0,0,Damon-Dance-for-Me
0,0,Longwater-Pyke
0,0,Quill
0,0,Arstan
0,0,Hother-Umber
0,0,Ygritte
0,0,Patchface
0,0,Leo-Tyrell
0,0,Sawane-Botley
0,0,Genna-Lannister
0,0,Raynald-Westerling
0,0,Theomore
0,0,Talea
0,0,Goghor-the-Giant
0,0,Gerris-Drinkwater
0,0,Humfrey-Hewett
0,0,High-Septon-(Tyrions)
0,0,Kraznys-mo-Nakloz
0,0,Meera-Reed
0,0,Willem-Lannister
0,0,Roone
0,0,Urswyck
0,0,High-Sparrow
0,0,Preston-Greenfield
0,0,Skahaz-mo-Kandaq
0,0,William-Foxglove
0,0,Rafford
0,0,Bannen
0,0,Alys-Arryn
0,0,Harry-Strickland
0,0,Frenya
0,0,Rodrik-Sparr
0,0,Leathers
0,0,Shadd
0,0,Gerold-Dayne
0,0,Alayaya
0,0,Andrew-Estermont
0,0,Mandon-Moore
0,0,Wyman-Manderly
0,0,Tanda-Stokeworth
0,0,Chiswyck
0,0,Martyn-Lannister
0,0,Emmond
0,0,Alebelly
0,0,Tybero-Istarion
0,0,Widower
0,0,Malegorn
0,0,Puckens
0,0,Horas-Redwyne
0,0,Asha-Greyjoy
0,0,Wynton-Stout
0,0,Alester-Florent
0,0,Allard-Seaworth
0,0,Alla-Tyrell
0,0,Myles-Toyne
0,0,Arnolf-Karstark
0,0,Aemon-Targaryen-(Dragonknight)
0,0,Nute
0,0,Yellow-Dick
0,0,Utherydes-Wayn
0,0,Garrett-Paege
0,0,Horton-Redfort
0,0,Camarron
0,0,Tallad
0,0,Craster
0,0,Bedwyck
0,0,Walder-Frey-(son-of-Merrett)
0,0,Jalabhar-Xho
0,0,Emmon-Cuy
0,0,Ryman-Frey
0,0,Benerro
0,0,Garth-Tyrell
0,0,Podrick-Payne
0,0,Drennan
0,0,Pia
0,0,Timeon
0,0,Werlag
0,0,Woth
0,0,Poxy-Tym
0,0,Narbert-Grandison
0,0,Cleon
0,0,Clayton-Suggs
0,0,Rhaenys-Targaryen-(daughter-of-Rhaegar)
0,0,Franklyn-Fowler
0,0,Amabel
0,0,Jon-Umber-(Smalljon)
0,0,Ralf-Stonehouse
0,0,Torrhen-Stark
0,0,Jeyne-Farman
0,0,Butterbumps
0,0,Ghael
0,0,Kindly-Man
0,0,Merrett-Frey
0,0,Lem
0,0,Elbert-Arryn
0,0,Nage
0,0,Garth-Greyfeather
0,0,Mezzara
0,0,Denzo-Dhan
0,0,Gilwood-Hunter
0,0,Edwyn-Frey
0,0,Senelle
0,0,Osfryd-Kettleblack
0,0,Galazza-Galare
0,0,Dick-Straw
0,0,Brandon-Norrey
0,0,Dacey-Mormont
0,0,Gretchel
0,0,Jojen-Reed
0,0,Rhaegel-Targaryen
0,0,Rolfe-the-Dwarf
0,0,Maron-Greyjoy
0,0,Pono
0,0,Mikken
0,0,Aerys-I-Targaryen
0,0,Hairy-Hal
0,0,Daven-Lannister
0,0,Alysane-Mormont
0,0,Quhuru-Mo
0,0,Yurkhaz-zo-Yunzak
0,0,Olenna-Redwyne
0,0,Pate-(Old)
0,0,Galyeon-of-Cuy
0,0,Elinor-Tyrell
0,0,Old-Bill-Bone
0,0,Zollo
0,0,Stonesnake
0,0,Weeper
0,0,Myranda-Royce
0,0,Hero
0,0,Errok
0,0,Harra
0,0,Gelmarr
0,0,Arwyn-Oakheart
0,0,Mellei
0,0,Cellador
0,0,Yorko-Terys
0,0,Arianne-Martell
0,0,Joy-Hill
0,0,Grunt
0,0,Benethon-Scales
0,0,Moon-Boy
0,0,Qavo-Nogarys
0,0,Harwood-Stout
0,0,Leobald-Tallhart
0,0,Sigfryd-Harlaw
0,0,Selyse-Florent
0,0,Thistle
0,0,Hayhead
0,0,Jarl
0,0,Jack-Be-Lucky
0,0,Nyessos-Vhassar
0,0,Melara-Hetherspoon
0,0,Aegon-Frey-(son-of-Stevron)
0,0,Elder-Brother
0,0,Cressen
0,0,Wex-Pyke
0,0,Perwyn-Frey
0,0,Mully
0,0,Jacelyn-Bywater
0,0,Pate-(whipping-boy)
0,0,Salladhor-Saan
0,0,Symon-Stripeback
0,0,Red-Oarsman
0,0,Benfred-Tallhart
0,0,Marwyn
0,0,Aegon-V-Targaryen
0,0,Symond-Templeton
0,0,Franklyn-Flowers
0,0,Ragwyle
0,0,Cedric-Payne
0,0,Brienne-of-Tarth
0,0,Sharna
0,0,Aeron-Greyjoy
0,0,Cromm
0,0,Gorne
0,0,Praed
0,0,Brus-Buckler
0,0,Gendel
0,0,Jack-Bulwer
0,0,Devan-Seaworth
0,0,Pyat-Pree
0,0,Satin
0,0,Styr
0,0,Bonifer-Hasty
0,0,Tarber
0,0,Pate-(novice)
0,0,Halys-Hornwood
0,0,Florian-the-Fool
0,0,Greenbeard
1,0,Alester-Florent
1,0,Selwyn-Tarth
1,0,Vylarr
1,0,Allard-Seaworth
1,0,Captain-Myraham
1,0,Lynesse-Hightower
1,0,Imry-Florent
1,0,Alliser-Thorne
1,0,Vargo-Hoat
1,0,Doran-Martell
1,0,Farlen
1,0,Loras-Tyrell
1,0,Jeor-Mormont
1,0,Bryce-Caron
1,0,Sansa-Stark
1,0,Yoren
1,0,Lark
1,0,Petyr-Baelish
1,0,Jhiqui
1,0,Dobber
1,0,Donella-Hornwood
1,0,Shagga
1,0,Syrio-Forel
1,0,Dalbridge
1,0,Victarion-Greyjoy
1,0,Pycelle
1,0,Marya-Seaworth
1,0,Boros-Blount
1,0,Belwas
1,0,Chataya
1,0,Aenys-Frey
1,0,Tickler
1,0,Robb-Stark
1,0,Mandon-Moore
1,0,Balon-Swann
1,0,Ballabar
1,0,Hoster-Tully
1,0,High-Septon-(fat_one)
1,0,Walder-Frey-(son-of-Merrett)
1,0,Polliver
1,0,Jon-Fossoway
1,0,Varys
1,0,Edmure-Tully
1,0,Lommy-Greenhands
1,0,Captain-Myraham-Daughter
1,0,Cutjack
1,0,Xaro-Xhoan-Daxos
1,0,Gregor-Clegane
1,0,Utherydes-Wayn
1,0,Randyll-Tarly
1,0,Margaery-Tyrell
1,0,Squint
1,0,Podrick-Payne
1,0,Stafford-Lannister
1,0,Hake
1,0,Rickon-Stark
1,0,Lorren
1,0,Drennan
1,0,Hallis-Mollen
1,0,Pylos
1,0,Werlag
1,0,Koss
1,0,Brienne-of-Tarth
1,0.0042857142857142885,Renly-Baratheon
1,0.05555555555555555,Arya-Stark
1,0,Woth
1,0.057692307692307696,Jon-Snow
1,0,Weasel
1,0,Dontos-Hollard
1,0,Trystane-Martell
1,0,Jojen-Reed
1,0,Osmund-Kettleblack
1,0,Mikken
1,0,Rodrik-Cassel
1,0,Colen-of-Greenpools
1,0,Rorge
1,0,Barristan-Selmy
1,0,Rhaenys-Targaryen
1,0,Melisandre
1,0,Timett
1,0,Roose-Bolton
1,0,Amabel
1,0,Maekar-I-Targaryen
1,0,Mance-Rayder
1,0,Brynden-Tully
1,0,Alayaya
1,0,Gynir
1,0,Thoren-Smallwood
1,0,Howland-Reed
1,0,Tysha
1,0,Arys-Oakheart
1,0,Chella
1,0,Cleos-Frey
1,0,Amory-Lorch
1,0,Jhogo
1,0,Gendry
1,0,Beth-Cassel
1,0,Walder-Frey
1,0,Shireen-Baratheon
1,0,Jarman-Buckwell
1,0,Poxy-Tym
1,0,Irri
1,0,Selyse-Florent
1,0,Reek
1,0,Aegon-I-Targaryen
1,0,Bael-the-Bard
1,0,Robett-Glover
1,0,Jaqen-Hghar
1,0,Lollys-Stokeworth
1,0,Rickard-Karstark
1,0,Aeron-Greyjoy
1,0,Palla
1,0,Axell-Florent
1,0,Bronn
1,0,Olyvar-Frey
1,0,Eddard-Stark
1,0,Osfryd-Kettleblack
1,0,Robert-Arryn
1,0,Jaime-Lannister
1,0,Aron-Santagar
1,0,Cersei-Lannister
1,0,Sandor-Clegane
1,0,Desmond-Grell
1,0,Davos-Seaworth
1,0,Lancel-Lannister
1,0,Murch
1,0,Chayle
1,0.05291005291005291,Bran-Stark
1,0,Cortnay-Penrose
1,0,Gelmarr
1,0,Praed
1,0,Aemon-Targaryen-(Maester-Aemon)
1,0,Maron-Greyjoy
1,0,Dolf
1,0,Pono
1,0,Rhaegar-Targaryen
1,0,Dancy
1,0,Ebben
1,0,Qhorin-Halfhand
1,0,Weese
1,0,Qyburn
1,0.42183908045977014,Tyrion-Lannister
1,0,Urzen
1,0,Cley-Cerwyn
1,0,Ramsay-Snow
1,0,Hot-Pie
1,0,Beric-Dondarrion
1,0,Lorent-Caswell
1,0,Mathis-Rowan
1,0,Benjen-Stark
1,0,Shae
1,0,Ottyn-Wythers
1,0,Luwin
1,0,Osney-Kettleblack
1,0,Mors-Umber
1,0,Monford-Velaryon
1,0,Mace-Tyrell
1,0,Dunsen
1,0,Allar-Deem
1,0,Martyn-Rivers
1,0,Rakharo
1,0,Harren-Hoare
1,0,Mebble
1,0,Jaremy-Rykker
1,0,Osha
1,0,Gyles-Rosby
1,0,Robar-Royce
1,0,Gariss
1,0,Jonquil
1,0,Dagmer
1,0,Catelyn-Stark
1,0,Aerys-II-Targaryen
1,0,Aggo
1,0,Mirri-Maz-Duur
1,0.004629629629629629,Theon-Greyjoy
1,0,Kurz
1,0,Arwyn-Oakheart
1,0,Samwell-Tarly
1,0,Doreah
1,0,Biter
1,0.17857142857142858,Daenerys-Targaryen
1,0,Moon-Boy
1,0,Jorah-Mormont
1,0,Tommen-Baratheon
1,0,Wyman-Manderly
1,0,Janos-Slynt
1,0,Leobald-Tallhart
1,0,Hodor
1,0,Vyman
1,0,Hayhead
1,0,Daeron-II-Targaryen
1,0,Steffon-Varner
1,0,Chiswyck
1,0,Lysa-Arryn
1,0,Ygritte
1,0,Patchface
1,0,Aggar
1,0,Kyra
1,0,Nan
1,0,Meryn-Trant
1,0,Chett
1,0,Cressen
1,0,Wex-Pyke
1,0,High-Septon-(Tyrions)
1,0,Perwyn-Frey
1,0,Ilyn-Payne
1,0,Meera-Reed
1,0,Jacelyn-Bywater
1,0,Salladhor-Saan
1,0,Garlan-Tyrell
1,0,Benfred-Tallhart
1,0,Steffon-Baratheon
1,0,Viserys-Targaryen
1,0,Tarber
1,0,Quaithe
1,0,Grenn
1,0,Euron-Greyjoy
1,0,Preston-Greenfield
1,0,Jon-Umber-(Greatjon)
1,0,Aegon-V-Targaryen
1,0,Eddison-Tollett
1,0,Guyard-Morrigen
1,0,Eldon-Estermont
1,0.033333333333333354,Rafford
1,0,Harra
1,0,Hobber-Redwyne
1,0,Stonesnake
1,0,Tywin-Lannister
1,0,Rattleshirt
1,0,Visenya-Targaryen
1,0.0023664638269100743,Stannis-Baratheon
1,0,Balon-Greyjoy
1,0,Craster
1,0,Paxter-Redwyne
1,0,Shadd
1,0,Jason-Mallister
1,0,Emmon-Cuy
1,0,Devan-Seaworth
1,0,Walder-Frey-(son-of-Jammos)
1,0,Drogo
1,0,Ardrian-Celtigar
1,0,Pyat-Pree
1,0,Robert-Baratheon
1,0,Tanda-Stokeworth
1,0,Hallyne
1,0,Thoros-of-Myr
1,0,Helman-Tallhart
1,0,Alebelly
1,0,Wendel-Manderly
1,0,Matthos-Seaworth
1,0,Myrcella-Baratheon
1,0,Horas-Redwyne
1,0,Joffrey-Baratheon
1,0,Halys-Hornwood
1,0,Aerys-I-Targaryen
1,0,Dywen
1,0,Asha-Greyjoy
1,0,Florian-the-Fool
1,0,Stygg
1,0,Quaro
1,0,Shadrich
1,0,Rory
1,0,Val
1,0,Robin-Flint
1,0,Sarella-Sand
1,0,Grazhar
1,0,Albett
1,0,Elys-Waynwood
1,0,Desmond
1,0,Dick-Crabb
1,0,Baelor-I-Targaryen
1,0,Baelor-Blacktyde
1,0,Hyle-Hunt
1,0,Rolph-Spicer
1,0,Torbert
1,0,Jaehaerys-I-Targaryen
1,0,Jonothor-Darry
1,0,Lucifer-Long
1,0,Luton
1,0,Harl
1,0,Areo-Hotah
1,0,Bellegere-Otherys
1,0,Brea
1,0,Meldred-Merlyn
1,0,Coldhands
1,0,Aegon-Targaryen-(son-of-Rhaegar)
1,0,Varamyr
1,0,Morgo
1,0,Illifer
1,0,Tobho-Mott
1,0,Harys-Swyft
1,0,Gerald-Gower
1,0,Clarence-Crabb
1,0,Jon-Arryn
1,0,Ulmer
1,0,Ysilla
1,0,Rossart
1,0,Marselen
1,0,Sigorn
1,0,Addam-Marbrand
1,0,Malaquo-Maegyr
1,0,Rast
1,0,Pypar
1,0,Ryk
1,0,Maegor-I-Targaryen
1,0,Nurse
1,0,Anya-Waynwood
1,0,Archibald-Yronwood
1,0,Lewys-Piper
1,0,Tyene-Sand
1,0,Dalla
1,0,Barsena
1,0,Khrazz
1,0,Sweets
1,0,Tormund
1,0,Quellon-Greyjoy
1,0,Cotter-Pyke
1,0,Qarl-the-Maid
1,0,Taena-of-Myr
1,0,Merrit
1,0,Groleo
1,0,Caggo
1,0,Gerrick-Kingsblood
1,0,Mero
1,0,Hop-Robin
1,0,Lyonel-Corbray
1,0,Daemon-Sand
1,0,Brynden-Rivers
1,0,Greydon-Goodbrother
1,0,Rolly-Duckfield
1,0,Kasporio
1,0,Kojja-Mo
1,0,Shortear
1,0,Dick-Follard
1,0,Torghen-Flint
1,0,Big-Boil
1,0,Conn
1,0,Mad-Huntsman
1,0,Denys-Mallister
1,0,Hullen
1,0,Denyo-Terys
1,0,Daeron-I-Targaryen
1,0,Unella
1,0,Marlon-Manderly
1,0,Grisel
1,0,Petyr-Frey
1,0,Arthor-Karstark
1,0,Sour-Alyn
1,0,Rhaegar-Frey
1,0,Yandry
1,0,Smiling-Knight
1,0,Tom-of-Sevenstreams
1,0,Manfrey-Martell
1,0,Clubfoot-Karl
1,0,Blue-Bard
1,0,Ogo
1,0,Ravella-Swann
1,0,Jared-Frey
1,0,Tattered-Prince
1,0,Emmett
1,0,Willow-Witch-eye
1,0,Gorold-Goodbrother
1,0,Gormond-Goodbrother
1,0,Wylis-Manderly
1,0,Cayn
1,0,Gared
1,0,Mallador-Locke
1,0,Robert-Strong
1,0,Mya-Stone
1,0,Hareth-(Moles-Town)
1,0,Edric-Storm
1,0,Larraq
1,0,Kerwin
1,0,Clydas
1,0,Cletus-Yronwood
1,0,Nymeria-Sand
1,0,Anguy
1,0,Rowan
1,0,Matthar
1,0,Joseth
1,0,Alys-Karstark
1,0,Orell
1,0,Gormon-Tyrell
1,0,Willam-Dustin
1,0,Brenett
1,0,Mycah
1,0,Hotho-Harlaw
1,0,Skinner
1,0,Marq-Piper
1,0,Roger-Ryswell
1,0,Pyg
1,0,Kella
1,0,Porridge
1,0,Varly
1,0,Lanna-(Happy-Port)
1,0,Tomard
1,0,Lysono-Maar
1,0,Black-Balaq
1,0,Missandei
1,0,Squirrel
1,0,Willis-Wode
1,0,Scar
1,0,Belaquo
1,0,Ben-Bones
1,0,Lothar-Frey
1,0,Walgrave
1,0,Colemon
1,0,Armen
1,0,Richard-Horpe
1,0,Robin-Ryger
1,0,Azor-Ahai
1,0,Josmyn-Peckledon
1,0,Jon-Connington
1,0,Timoth
1,0,Justin-Massey
1,0,Guncer-Sunglass
1,0,Meris
1,0,Lyn-Corbray
1,0,Waif
1,0,Rhaego
1,0,Andrey-Dalt
1,0,Bartimus
1,0,Munda
1,0,Will-(prologue)
1,0,Ben-Plumm
1,0,Willow-Heddle
1,0,Arron
1,0,Dorcas
1,0,Kurleket
1,0,Torrhen-Karstark
1,0,Kegs
1,0,Dryn
1,0,Barbrey-Dustin
1,0,Marghaz-zo-Loraq
1,0,Moreo-Tumitis
1,0,Hagen
1,0,Oznak-zo-Pahl
1,0,Sylva-Santagar
1,0,Alleras
1,0,Garin-(orphan)
1,0,Harwin
1,0,Corliss-Penny
1,0,Eustace-Brune
1,0,Stiv
1,0,Shitmouth
1,0,Terrance-Lynderly
1,0,Elmar-Frey
1,0,Tycho-Nestoris
1,0,Mord
1,0,Donal-Noye
1,0,Khorane-Sathmantes
1,0,Caleotte
1,0,Moqorro
1,0,Alyn
1,0,Mag-Mar-Tun-Doh-Weg
1,0,Daryn-Hornwood
1,0,Morra
1,0,Kevan-Lannister
1,0,Hugh-Hungerford
1,0,Leo-Lefford
1,0,Qezza
1,0,Elia-Martell
1,0,Narbert
1,0,Scolera
1,0,Forley-Prester
1,0,Haldon
1,0,Rodrik-Harlaw
1,0,Emmon-Frey
1,0,Danwell-Frey
1,0,Harrold-Hardyng
1,0,Quentyn-Martell
1,0,Morrec
1,0,Mychel-Redfort
1,0,Owen
1,0,Walda-Frey-(daughter-of-Merrett)
1,0,Umma
1,0,Blane
1,0,Alerie-Hightower
1,0,Creighton-Longbough
1,0,Mark-Mullendore
1,0,Garth-(Wolfs-Den)
1,0,Small-Paul
1,0,Hugh
1,0,Tytos-Blackwood
1,0,Gilly
1,0,Godry-Farring
1,0,Bowen-Marsh
1,0,Shrouded-Lord
1,0,Stevron-Frey
1,0,Torwold-Browntooth
1,0,Sybell-Spicer
1,0,Fogo
1,0,Jacks
1,0,Tristifer-IV-Mudd
1,0,Draqaz
1,0,Brella
1,0,Ricasso
1,0,Eon-Hunter
1,0,Lyle-Crakehall
1,0,Kedry
1,0,Steelskin
1,0,Softfoot
1,0,Grimtongue
1,0,Tion-Frey
1,0,Wick-Whittlestick
1,0,Balman-Byrch
1,0,Soren-Shieldbreaker
1,0,Leaf
1,0,Ronnet-Connington
1,0,Grey-Worm
1,0,Tregar
1,0,Godric-Borrell
1,0,Hugo-Vance
1,0,Byam-Flint
1,0,Xhondo
1,0,Tristifer-Botley
1,0,Holly
1,0,Mariya-Darry
1,0,Ezzara
1,0,Frenken
1,0,Aurane-Waters
1,0,Arthur-Dayne
1,0,Chiggen
1,0,Benedar-Belmore
1,0,Raynard
1,0,Hali
1,0,Sallor
1,0,Arson
1,0,Othell-Yarwyck
1,0,Torgon-Greyiron
1,0,Cedra
1,0,Raymun-Redbeard
1,0,Rosey
1,0,Ternesio-Terys
1,0,Daario-Naharis
1,0,Brusco
1,0,Bloodbeard
1,0,Leona-Woolfield
1,0,Rugen
1,0,Vayon-Poole
1,0,Zei
1,0,Tansy
1,0,Joramun
1,0,Sybelle-Glover
1,0,Moelle
1,0,Jeyne-Westerling
1,0,Grazdan-mo-Eraz
1,0,Ellaria-Sand
1,0,Ralf-(Limper)
1,0,Falyse-Stokeworth
1,0,Spare-Boot
1,0,Meralyn
1,0,Talbert-Serry
1,0,Jonos-Bracken
1,0,Prendahl-na-Ghezn
1,0,Anders-Yronwood
1,0,Walton
1,0,Qotho
1,0,Dirk
1,0,Maggy
1,0,Wulfe
1,0,Marillion
1,0,Simon-Toyne
1,0,Harma
1,0,Emrick
1,0,Haggon
1,0,Gerold-Hightower
1,0,Husband
1,0,Leonette-Fossoway
1,0,Owen-Merryweather
1,0,Denys-Darklyn
1,0,Wun-Weg-Wun-Dar-Wun
1,0,Penny
1,0,Lambert-Turnberry
1,0,Megga-Tyrell
1,0,Gyles-Grafton
1,0,Miklaz
1,0,Gerold-Grafton
1,0,Willas-Tyrell
1,0,Todder
1,0,Hosteen-Frey
1,0,Joanna-Lannister
1,0,Harras-Harlaw
1,0,Lyanna-Stark
1,0,Oberyn-Martell
1,0,Roose-Ryswell
1,0,Karyl-Vance
1,0,Walder-Rivers
1,0,Porther
1,0,Gunthor-son-of-Gurn
1,0,Rus
1,0,Grigg
1,0,Roslin-Frey
1,0,Hizdahr-zo-Loraq
1,0,Theobald
1,0,Rhaella-Targaryen
1,0,Yohn-Royce
1,0,Fulk
1,0,Murenmure
1,0,Gawen-Westerling
1,0,Lamprey
1,0,Tom-Barleycorn
1,0,Haggo
1,0,Amerei-Frey
1,0,Bump
1,0,Dunstan-Drumm
1,0,Patrek-of-Kings-Mountain
1,0,Lothor-Brune
1,0,Jafer-Flowers
1,0,Oswell-Kettleblack
1,0,Ashara-Dayne
1,0,Orton-Merryweather
1,0,Reznak-mo-Reznak
1,0,Rennifer-Longwaters
1,0,Rollam-Westerling
1,0,Meribald
1,0,Hoster-Blackwood
1,0,Mollander
1,0,Coratt
1,0,Watt
1,0,Yezzan-zo-Qaggaz
1,0,Toregg
1,0,Lucas-Codd
1,0,Symon-Silver-Tongue
1,0,Lyanna-Mormont
1,0,Ulf-son-of-Umar
1,0,Jocelyn-Swyft
1,0,Halder
1,0,Obara-Sand
1,0,Jeyne-Heddle
1,0,Shagwell
1,0,Maddy
1,0,Lewyn-Martell
1,0,Lemore
1,0,Spotted-Cat
1,0,Damon-Dance-for-Me
1,0,Longwater-Pyke
1,0,Quill
1,0,Arstan
1,0,Hother-Umber
1,0,Leo-Tyrell
1,0,Sawane-Botley
1,0,Genna-Lannister
1,0,Raynald-Westerling
1,0,Theomore
1,0,Talea
1,0,Goghor-the-Giant
1,0,Gerris-Drinkwater
1,0,Humfrey-Hewett
1,0,Kraznys-mo-Nakloz
1,0,Willem-Lannister
1,0,Brandon-Stark
1,0,Roone
1,0,Cohollo
1,0,Urswyck
1,0,High-Sparrow
1,0,Oswell-Whent
1,0,Skahaz-mo-Kandaq
1,0,William-Foxglove
1,0,Bannen
1,0,Alys-Arryn
1,0,Harry-Strickland
1,0,Frenya
1,0,Rodrik-Sparr
1,0,Leathers
1,0,Gerold-Dayne
1,0,Andrew-Estermont
1,0,Eroeh
1,0,Martyn-Lannister
1,0,Raymun-Darry
1,0,Emmond
1,0,Tybero-Istarion
1,0,Widower
1,0,Malegorn
1,0,Puckens
1,0,Wynton-Stout
1,0,Jory-Cassel
1,0,Alla-Tyrell
1,0,Myles-Toyne
1,0,Heward
1,0,Arnolf-Karstark
1,0,Aemon-Targaryen-(Dragonknight)
1,0,Nute
1,0,Yellow-Dick
1,0,Othor
1,0,Garrett-Paege
1,0,Wyl-(guard)
1,0,Horton-Redfort
1,0,Hobb
1,0,Camarron
1,0,Nestor-Royce
1,0,Waymar-Royce
1,0,Galbart-Glover
1,0,Tallad
1,0,Bedwyck
1,0,Jalabhar-Xho
1,0,Ryman-Frey
1,0,Benerro
1,0,Garth-Tyrell
1,0,Jeyne-Poole
1,0,Pia
1,0,Timeon
1,0,Masha-Heddle
1,0,Narbert-Grandison
1,0,Cleon
1,0,Clayton-Suggs
1,0,Rickard-Stark
1,0,Rhaenys-Targaryen-(daughter-of-Rhaegar)
1,0,Franklyn-Fowler
1,0,Jon-Umber-(Smalljon)
1,0,Ralf-Stonehouse
1,0,Torrhen-Stark
1,0,Jeyne-Farman
1,0,Donnel-Waynwood
1,0,Butterbumps
1,0,Ghael
1,0,Kindly-Man
1,0,Merrett-Frey
1,0,Illyrio-Mopatis
1,0,Lem
1,0,Elbert-Arryn
1,0,Nage
1,0,Garth-Greyfeather
1,0,Mezzara
1,0,Denzo-Dhan
1,0,Gilwood-Hunter
1,0,Wylla
1,0,Edwyn-Frey
1,0,Senelle
1,0,Galazza-Galare
1,0,Dick-Straw
1,0,Brandon-Norrey
1,0,Dacey-Mormont
1,0,Gretchel
1,0,Rhaegel-Targaryen
1,0,Rolfe-the-Dwarf
1,0,Jyck
1,0,Hairy-Hal
1,0,Daven-Lannister
1,0,Alysane-Mormont
1,0,Quhuru-Mo
1,0,Yurkhaz-zo-Yunzak
1,0,Olenna-Redwyne
1,0,Pate-(Old)
1,0,Galyeon-of-Cuy
1,0,Elinor-Tyrell
1,0,Old-Bill-Bone
1,0,Zollo
1,0,Jommo
1,0,Weeper
1,0,Myranda-Royce
1,0,Maege-Mormont
1,0,Hero
1,0,Mordane
1,0,Errok
1,0,Mellei
1,0,Cellador
1,0,Yorko-Terys
1,0,Arianne-Martell
1,0,Joy-Hill
1,0,Grunt
1,0,Benethon-Scales
1,0,Qavo-Nogarys
1,0,Harwood-Stout
1,0,Sigfryd-Harlaw
1,0,Thistle
1,0,Jarl
1,0,Clement-Piper
1,0,Jack-Be-Lucky
1,0,Nyessos-Vhassar
1,0,Melara-Hetherspoon
1,0,Aegon-Frey-(son-of-Stevron)
1,0,Elder-Brother
1,0,Joss
1,0,Mully
1,0,Pate-(whipping-boy)
1,0,Symon-Stripeback
1,0,Red-Oarsman
1,0,Marwyn
1,0,Symond-Templeton
1,0,Franklyn-Flowers
1,0,Ragwyle
1,0,Cedric-Payne
1,0,Sharna
1,0,Vardis-Egen
1,0,Cromm
1,0,Gorne
1,0,Brus-Buckler
1,0,Gendel
1,0,Jack-Bulwer
1,0,Satin
1,0,Dareon
1,0,Styr
1,0,Bonifer-Hasty
1,0,Pate-(novice)
1,0,Greenbeard
2,0,Alester-Florent
2,0,Jeyne-Westerling
2,0,Grazdan-mo-Eraz
2,0,Val
2,0,Azor-Ahai
2,0,Rolph-Spicer
2,0,Ellaria-Sand
2,0,Alliser-Thorne
2,0,Vargo-Hoat
2,0,Doran-Martell
2,0,Alla-Tyrell
2,0,Brenett
2,0,Spare-Boot
2,0,Loras-Tyrell
2,0,Jeor-Mormont
2,0,Rossart
2,0,Barristan-Selmy
2,0,Aemon-Targaryen-(Dragonknight)
2,0,Wynton-Stout
2,0,Petyr-Baelish
2,0,Baelor-I-Targaryen
2,0,Jhiqui
2,0,Lollys-Stokeworth
2,0,Utherydes-Wayn
2,0,Anders-Yronwood
2,0,Greenbeard
2,0,Qhorin-Halfhand
2,0,Hot-Pie
2,0,Boros-Blount
2,0,Belwas
2,0,Walton
2,0,Chataya
2,0,Hobb
2,0,Jalabhar-Xho
2,0,Tickler
2,0,Dirk
2,0.0261437908496732,Robb-Stark
2,0,Jonothor-Darry
2,0,Balon-Swann
2,0,Oswell-Whent
2,0,Guncer-Sunglass
2,0,Raynald-Westerling
2,0,Anguy
2,0,Bedwyck
2,0,Cotter-Pyke
2,0,Polliver
2,0,Marillion
2,0,Simon-Toyne
2,0,Varys
2,0,Edmure-Tully
2,0,Daario-Naharis
2,0,Ryman-Frey
2,0,Coldhands
2,0,Harma
2,0,Mag-Mar-Tun-Doh-Weg
2,0,Gregor-Clegane
2,0,Aegon-Targaryen-(son-of-Rhaegar)
2,0,Sansa-Stark
2,0,Gerold-Hightower
2,0,Husband
2,0,Podrick-Payne
2,0,Munda
2,0,Gilly
2,0,Pylos
2,0,Luwin
2,0,Melisandre
2,0,Brienne-of-Tarth
2,0,Donal-Noye
2,0.049689440993788817,Arya-Stark
2,0,Oznak-zo-Pahl
2,0.41481481481481486,Jon-Snow
2,0,Gerald-Gower
2,0,Cleon
2,0,Bowen-Marsh
2,0,Willas-Tyrell
2,0.037037037037037035,Bran-Stark
2,0,Osmund-Kettleblack
2,0,Harwin
2,0,Alerie-Hightower
2,0,Mandon-Moore
2,0,Rorge
2,0,Galyeon-of-Cuy
2,0,Robett-Glover
2,0,Dywen
2,0,Todder
2,0,Addam-Marbrand
2,0,Joanna-Lannister
2,0,Jon-Umber-(Smalljon)
2,0,Torrhen-Stark
2,0,Brynden-Tully
2,0,Pypar
2,0,Jarl
2,0,Maegor-I-Targaryen
2,0,Butterbumps
2,0,Oberyn-Martell
2,0,Ghael
2,0,Lark
2,0,Thoren-Smallwood
2,0,Tysha
2,0,Dalla
2,0,Arson
2,0,Cleos-Frey
2,0,Amory-Lorch
2,0,Jhogo
2,0,Illyrio-Mopatis
2,0,Lem
2,0,Walder-Frey
2,0,Shireen-Baratheon
2,0,Nage
2,0,Tormund
2,0,Hoster-Tully
2,0,Megga-Tyrell
2,0,Grigg
2,0,Aegon-I-Targaryen
2,0,Rickon-Stark
2,0,Sybell-Spicer
2,0,Kevan-Lannister
2,0,Stannis-Baratheon
2,0,Groleo
2,0,Rickard-Karstark
2,0,Leonette-Fossoway
2,0,Mero
2,0,Rhaella-Targaryen
2,0,Mace-Tyrell
2,0,Bronn
2,0,Olyvar-Frey
2,0,Eddard-Stark
2,0,Dontos-Hollard
2,0,Elia-Martell
2,0.0661764705882353,Jaime-Lannister
2,0,Cersei-Lannister
2,0,Yohn-Royce
2,0,Desmond-Grell
2,0,Dacey-Mormont
2,0.033823529411764704,Davos-Seaworth
2,0,Lancel-Lannister
2,0,Gawen-Westerling
2,0,Lamprey
2,0,Jon-Arryn
2,0,Elmar-Frey
2,0,Prendahl-na-Ghezn
2,0,Rhaegel-Targaryen
2,0,Owen
2,0,Perwyn-Frey
2,0,Tywin-Lannister
2,0,Rhaegar-Targaryen
2,0,Lothor-Brune
2,0,Dick-Follard
2,0,Blane
2,0,Qyburn
2,0.4205128205128205,Tyrion-Lannister
2,0,Big-Boil
2,0,Irri
2,0,Rodrik-Cassel
2,0,Ramsay-Snow
2,0,Roslin-Frey
2,0,Beric-Dondarrion
2,0,Renly-Baratheon
2,0,Small-Paul
2,0,Gendel
2,0,Tytos-Blackwood
2,0,Randyll-Tarly
2,0,Daeron-I-Targaryen
2,0,Mathis-Rowan
2,0,Benjen-Stark
2,0,Shae
2,0,Ottyn-Wythers
2,0,Olenna-Redwyne
2,0,Grisel
2,0,Petyr-Frey
2,0,Stevron-Frey
2,0,Pate-(Old)
2,0,Rollam-Westerling
2,0,Axell-Florent
2,0,Dunsen
2,0,Elinor-Tyrell
2,0,Mully
2,0,Ben-Plumm
2,0,Tristifer-IV-Mudd
2,0,Zollo
2,0,Varamyr
2,0,Mad-Huntsman
2,0,Clubfoot-Karl
2,0,Rakharo
2,0,Lewyn-Martell
2,0,Smiling-Knight
2,0,Ravella-Swann
2,0,Kraznys-mo-Nakloz
2,0,Gyles-Rosby
2,0,Watt
2,0,Andrew-Estermont
2,0,Weeper
2,0,Garlan-Tyrell
2,0,Maege-Mormont
2,0,Catelyn-Stark
2,0,Janos-Slynt
2,0,Aerys-II-Targaryen
2,0,Symon-Silver-Tongue
2,0,Mordane
2,0,Brella
2,0,Errok
2,0,Eddison-Tollett
2,0,Theon-Greyjoy
2,0,Halder
2,0,Samwell-Tarly
2,0,Biter
2,0,Shagwell
2,0,Aegon-Frey-(son-of-Stevron)
2,0.29885057471264365,Daenerys-Targaryen
2,0,Robin-Flint
2,0,Moon-Boy
2,0,Jorah-Mormont
2,0,Softfoot
2,0,Robert-Arryn
2,0,Roose-Bolton
2,0,Tion-Frey
2,0,Mallador-Locke
2,0,Grenn
2,0,Walder-Rivers
2,0,Hodor
2,0,Vyman
2,0,Hareth-(Moles-Town)
2,0,Aemon-Targaryen-(Maester-Aemon)
2,0,Sandor-Clegane
2,0,Galbart-Glover
2,0,Edric-Storm
2,0,Joramun
2,0,Arstan
2,0,Lysa-Arryn
2,0,Grey-Worm
2,0,Jojen-Reed
2,0,Patchface
2,0,Ryk
2,0,Styr
2,0,Tansy
2,0,Alayaya
2,0,Clydas
2,0,Meryn-Trant
2,0,Byam-Flint
2,0,Craster
2,0,Cressen
2,0,High-Septon-(Tyrions)
2,0,Selyse-Florent
2,0,Tommen-Baratheon
2,0,Willem-Lannister
2,0,Denys-Mallister
2,0,Frenken
2,0,Meera-Reed
2,0,Bannen
2,0,Arthur-Dayne
2,0,Salladhor-Saan
2,0,Brandon-Stark
2,0,Paxter-Redwyne
2,0,Viserys-Targaryen
2,0,Urswyck
2,0,Mance-Rayder
2,0,Mycah
2,0,Jon-Umber-(Greatjon)
2,0,Marq-Piper
2,0,Sallor
2,0,Margaery-Tyrell
2,0,Tom-of-Sevenstreams
2,0,Nan
2,0,Aggo
2,0,Rafford
2,0,Kella
2,0,Sharna
2,0,Pycelle
2,0,Ilyn-Payne
2,0,Gendry
2,0,Rattleshirt
2,0,Ygritte
2,0,Gorne
2,0,Ballabar
2,0,Balon-Greyjoy
2,0,Khorane-Sathmantes
2,0,Porridge
2,0,Jack-Be-Lucky
2,0,Oswell-Kettleblack
2,0,Jason-Mallister
2,0,Merrit
2,0,Missandei
2,0,Orell
2,0,Devan-Seaworth
2,0,Drogo
2,0,Kegs
2,0,Robert-Baratheon
2,0,Tanda-Stokeworth
2,0,Jack-Bulwer
2,0,Zei
2,0,Martyn-Lannister
2,0,Chett
2,0,Lothar-Frey
2,0,Helman-Tallhart
2,0,Wendel-Manderly
2,0,Ragwyle
2,0,Thoros-of-Myr
2,0,Othell-Yarwyck
2,0,Joffrey-Baratheon
2,0,Satin
2,0,Merrett-Frey
2,0,Myrcella-Baratheon
2,0,Robin-Ryger
2,0,Captain-Myraham
2,0,Quaro
2,0,Shadrich
2,0,Rory
2,0,Lynesse-Hightower
2,0,Imry-Florent
2,0,Sarella-Sand
2,0,Farlen
2,0,Grazhar
2,0,Bryce-Caron
2,0,Albett
2,0,Elys-Waynwood
2,0,Desmond
2,0,Dick-Crabb
2,0,Baelor-Blacktyde
2,0,Donella-Hornwood
2,0,Hyle-Hunt
2,0,Torbert
2,0,Jaehaerys-I-Targaryen
2,0,Lucifer-Long
2,0,Luton
2,0,Harl
2,0,Areo-Hotah
2,0,Bellegere-Otherys
2,0,Jon-Fossoway
2,0,Brea
2,0,Meldred-Merlyn
2,0,Xaro-Xhoan-Daxos
2,0,Victarion-Greyjoy
2,0,Squint
2,0,Morgo
2,0,Lorren
2,0,Illifer
2,0,Tobho-Mott
2,0,Harys-Swyft
2,0,Clarence-Crabb
2,0,Ulmer
2,0,Ysilla
2,0,Marselen
2,0,Sigorn
2,0,Malaquo-Maegyr
2,0,Rast
2,0,Nurse
2,0,Anya-Waynwood
2,0,Archibald-Yronwood
2,0,Lewys-Piper
2,0,Tyene-Sand
2,0,Barsena
2,0,Khrazz
2,0,Sweets
2,0,Quellon-Greyjoy
2,0,Qarl-the-Maid
2,0,Taena-of-Myr
2,0,Reek
2,0,Bael-the-Bard
2,0,Caggo
2,0,Jaqen-Hghar
2,0,Gerrick-Kingsblood
2,0,Hop-Robin
2,0,Lyonel-Corbray
2,0,Daemon-Sand
2,0,Brynden-Rivers
2,0,Chayle
2,0,Greydon-Goodbrother
2,0,Rolly-Duckfield
2,0,Dolf
2,0,Kasporio
2,0,Kojja-Mo
2,0,Ebben
2,0,Shortear
2,0,Torghen-Flint
2,0,Conn
2,0,Cley-Cerwyn
2,0,Lorent-Caswell
2,0,Hullen
2,0,Denyo-Terys
2,0,Unella
2,0,Marlon-Manderly
2,0,Arthor-Karstark
2,0,Sour-Alyn
2,0,Rhaegar-Frey
2,0,Yandry
2,0,Manfrey-Martell
2,0,Blue-Bard
2,0,Ogo
2,0,Jared-Frey
2,0,Tattered-Prince
2,0,Emmett
2,0,Stygg
2,0,Willow-Witch-eye
2,0,Gorold-Goodbrother
2,0,Gormond-Goodbrother
2,0,Wylis-Manderly
2,0,Cayn
2,0,Gared
2,0,Robert-Strong
2,0,Mya-Stone
2,0,Palla
2,0,Larraq
2,0,Steffon-Varner
2,0,Gynir
2,0,Kerwin
2,0,Cletus-Yronwood
2,0,Nymeria-Sand
2,0,Rowan
2,0,Matthar
2,0,Joseth
2,0,Alys-Karstark
2,0,Gormon-Tyrell
2,0,Steffon-Baratheon
2,0,Willam-Dustin
2,0,Quaithe
2,0,Hotho-Harlaw
2,0,Skinner
2,0,Aggar
2,0,Roger-Ryswell
2,0,Pyg
2,0,Varly
2,0,Lanna-(Happy-Port)
2,0,Tomard
2,0,Lysono-Maar
2,0,Timett
2,0,Black-Balaq
2,0,Squirrel
2,0,Willis-Wode
2,0,Scar
2,0,Belaquo
2,0,Ben-Bones
2,0,Matthos-Seaworth
2,0,Walgrave
2,0,Colemon
2,0,Armen
2,0,Richard-Horpe
2,0,Selwyn-Tarth
2,0,Josmyn-Peckledon
2,0,Jon-Connington
2,0,Timoth
2,0,Justin-Massey
2,0,Meris
2,0,Syrio-Forel
2,0,Dalbridge
2,0,Lyn-Corbray
2,0,Waif
2,0,Aenys-Frey
2,0,Rhaego
2,0,Andrey-Dalt
2,0,Bartimus
2,0,Will-(prologue)
2,0,Willow-Heddle
2,0,Arron
2,0,Dorcas
2,0,Kurleket
2,0,Lommy-Greenhands
2,0,Cutjack
2,0,Torrhen-Karstark
2,0,Dryn
2,0,Barbrey-Dustin
2,0,Marghaz-zo-Loraq
2,0,Moreo-Tumitis
2,0,Hagen
2,0,Sylva-Santagar
2,0,Alleras
2,0,Garin-(orphan)
2,0,Trystane-Martell
2,0,Corliss-Penny
2,0,Rhaenys-Targaryen
2,0,Eustace-Brune
2,0,Stiv
2,0,Shitmouth
2,0,Terrance-Lynderly
2,0,Tycho-Nestoris
2,0,Mord
2,0,Beth-Cassel
2,0,Caleotte
2,0,Moqorro
2,0,Alyn
2,0,Daryn-Hornwood
2,0,Morra
2,0,Hugh-Hungerford
2,0,Leo-Lefford
2,0,Qezza
2,0,Aron-Santagar
2,0,Narbert
2,0,Scolera
2,0,Forley-Prester
2,0,Haldon
2,0,Rodrik-Harlaw
2,0,Emmon-Frey
2,0,Danwell-Frey
2,0,Harrold-Hardyng
2,0,Cortnay-Penrose
2,0,Quentyn-Martell
2,0,Morrec
2,0,Mychel-Redfort
2,0,Walda-Frey-(daughter-of-Merrett)
2,0,Umma
2,0,Ardrian-Celtigar
2,0,Creighton-Longbough
2,0,Mark-Mullendore
2,0,Garth-(Wolfs-Den)
2,0,Hugh
2,0,Godry-Farring
2,0,Shrouded-Lord
2,0,Osney-Kettleblack
2,0,Mors-Umber
2,0,Torwold-Browntooth
2,0,Fogo
2,0,Jacks
2,0,Harren-Hoare
2,0,Robar-Royce
2,0,Gariss
2,0,Draqaz
2,0,Walder-Frey-(son-of-Jammos)
2,0,Mirri-Maz-Duur
2,0,Kurz
2,0,Ricasso
2,0,Eon-Hunter
2,0,Lyle-Crakehall
2,0,Kedry
2,0,Steelskin
2,0,Grimtongue
2,0,Wick-Whittlestick
2,0,Balman-Byrch
2,0,Daeron-II-Targaryen
2,0,Soren-Shieldbreaker
2,0,Leaf
2,0,Ronnet-Connington
2,0,Tregar
2,0,Kyra
2,0,Godric-Borrell
2,0,Hugo-Vance
2,0,Xhondo
2,0,Tristifer-Botley
2,0,Holly
2,0,Mariya-Darry
2,0,Ezzara
2,0,Aurane-Waters
2,0,Chiggen
2,0,Benedar-Belmore
2,0,Euron-Greyjoy
2,0,Raynard
2,0,Hali
2,0,Guyard-Morrigen
2,0,Eldon-Estermont
2,0,Hobber-Redwyne
2,0,Visenya-Targaryen
2,0,Torgon-Greyiron
2,0,Cedra
2,0,Raymun-Redbeard
2,0,Rosey
2,0,Ternesio-Terys
2,0,Brusco
2,0,Bloodbeard
2,0,Howland-Reed
2,0,Leona-Woolfield
2,0,Rugen
2,0,Vayon-Poole
2,0,Hallyne
2,0,Dagmer
2,0,Sybelle-Glover
2,0,Moelle
2,0,Koss
2,0,Vylarr
2,0,Ralf-(Limper)
2,0,Falyse-Stokeworth
2,0,Meralyn
2,0,Talbert-Serry
2,0,Jonos-Bracken
2,0,Dobber
2,0,Qotho
2,0,Maggy
2,0,Wulfe
2,0,Captain-Myraham-Daughter
2,0,Emrick
2,0,Haggon
2,0,Stafford-Lannister
2,0,Hake
2,0,Owen-Merryweather
2,0,Denys-Darklyn
2,0,Wun-Weg-Wun-Dar-Wun
2,0,Penny
2,0,Lambert-Turnberry
2,0,Weasel
2,0,Gyles-Grafton
2,0,Miklaz
2,0,Gerold-Grafton
2,0,Colen-of-Greenpools
2,0,Yoren
2,0,Hosteen-Frey
2,0,Maekar-I-Targaryen
2,0,Harras-Harlaw
2,0,Lyanna-Stark
2,0,Roose-Ryswell
2,0,Karyl-Vance
2,0,Arys-Oakheart
2,0,Porther
2,0,Gunthor-son-of-Gurn
2,0,Rus
2,0,Hizdahr-zo-Loraq
2,0,Jarman-Buckwell
2,0,Theobald
2,0,Weese
2,0,Fulk
2,0,Murenmure
2,0,Murch
2,0,Tom-Barleycorn
2,0,Haggo
2,0,Amerei-Frey
2,0,Bump
2,0,Dunstan-Drumm
2,0,Patrek-of-Kings-Mountain
2,0,Dancy
2,0,Jafer-Flowers
2,0,Urzen
2,0,Ashara-Dayne
2,0,Orton-Merryweather
2,0,Reznak-mo-Reznak
2,0,Rennifer-Longwaters
2,0,Meribald
2,0,Allar-Deem
2,0,Martyn-Rivers
2,0,Hoster-Blackwood
2,0,Mollander
2,0,Monford-Velaryon
2,0,Mebble
2,0,Osha
2,0,Coratt
2,0,Yezzan-zo-Qaggaz
2,0,Jonquil
2,0,Toregg
2,0,Lucas-Codd
2,0,Lyanna-Mormont
2,0,Ulf-son-of-Umar
2,0,Jocelyn-Swyft
2,0,Doreah
2,0,Obara-Sand
2,0,Jeyne-Heddle
2,0,Marya-Seaworth
2,0,Maddy
2,0,Lemore
2,0,Spotted-Cat
2,0,Damon-Dance-for-Me
2,0,Longwater-Pyke
2,0,Quill
2,0,Hother-Umber
2,0,Leo-Tyrell
2,0,Sawane-Botley
2,0,Genna-Lannister
2,0,Theomore
2,0,Talea
2,0,Goghor-the-Giant
2,0,Gerris-Drinkwater
2,0,Humfrey-Hewett
2,0,Roone
2,0,Cohollo
2,0,High-Sparrow
2,0,Preston-Greenfield
2,0,Skahaz-mo-Kandaq
2,0,William-Foxglove
2,0,Alys-Arryn
2,0,Harry-Strickland
2,0,Frenya
2,0,Rodrik-Sparr
2,0,Leathers
2,0,Shadd
2,0,Gerold-Dayne
2,0,Wyman-Manderly
2,0,Eroeh
2,0,Chiswyck
2,0,Raymun-Darry
2,0,Emmond
2,0,Alebelly
2,0,Tybero-Istarion
2,0,Widower
2,0,Malegorn
2,0,Puckens
2,0,Horas-Redwyne
2,0,Asha-Greyjoy
2,0,Allard-Seaworth
2,0,Jory-Cassel
2,0,Myles-Toyne
2,0,Heward
2,0,Arnolf-Karstark
2,0,Nute
2,0,Yellow-Dick
2,0,Othor
2,0,Garrett-Paege
2,0,Wyl-(guard)
2,0,Horton-Redfort
2,0,Camarron
2,0,Nestor-Royce
2,0,Waymar-Royce
2,0,Tallad
2,0,High-Septon-(fat_one)
2,0,Walder-Frey-(son-of-Merrett)
2,0,Emmon-Cuy
2,0,Benerro
2,0,Garth-Tyrell
2,0,Shagga
2,0,Drennan
2,0,Jeyne-Poole
2,0,Pia
2,0,Timeon
2,0,Werlag
2,0,Masha-Heddle
2,0,Woth
2,0,Poxy-Tym
2,0,Narbert-Grandison
2,0,Clayton-Suggs
2,0,Rickard-Stark
2,0,Rhaenys-Targaryen-(daughter-of-Rhaegar)
2,0,Franklyn-Fowler
2,0,Amabel
2,0,Ralf-Stonehouse
2,0,Jeyne-Farman
2,0,Donnel-Waynwood
2,0,Kindly-Man
2,0,Chella
2,0,Elbert-Arryn
2,0,Garth-Greyfeather
2,0,Mezzara
2,0,Denzo-Dhan
2,0,Gilwood-Hunter
2,0,Wylla
2,0,Edwyn-Frey
2,0,Senelle
2,0,Osfryd-Kettleblack
2,0,Galazza-Galare
2,0,Dick-Straw
2,0,Brandon-Norrey
2,0,Gretchel
2,0,Rolfe-the-Dwarf
2,0,Maron-Greyjoy
2,0,Jyck
2,0,Pono
2,0,Mikken
2,0,Aerys-I-Targaryen
2,0,Hairy-Hal
2,0,Daven-Lannister
2,0,Alysane-Mormont
2,0,Quhuru-Mo
2,0,Yurkhaz-zo-Yunzak
2,0,Old-Bill-Bone
2,0,Jaremy-Rykker
2,0,Jommo
2,0,Stonesnake
2,0,Myranda-Royce
2,0,Hero
2,0,Harra
2,0,Gelmarr
2,0,Arwyn-Oakheart
2,0,Mellei
2,0,Cellador
2,0,Yorko-Terys
2,0,Arianne-Martell
2,0,Joy-Hill
2,0,Grunt
2,0,Benethon-Scales
2,0,Qavo-Nogarys
2,0,Harwood-Stout
2,0,Leobald-Tallhart
2,0,Sigfryd-Harlaw
2,0,Thistle
2,0,Hayhead
2,0,Clement-Piper
2,0,Nyessos-Vhassar
2,0,Melara-Hetherspoon
2,0,Elder-Brother
2,0,Joss
2,0,Wex-Pyke
2,0,Jacelyn-Bywater
2,0,Pate-(whipping-boy)
2,0,Symon-Stripeback
2,0,Red-Oarsman
2,0,Benfred-Tallhart
2,0,Marwyn
2,0,Aegon-V-Targaryen
2,0,Hallis-Mollen
2,0,Symond-Templeton
2,0,Franklyn-Flowers
2,0,Cedric-Payne
2,0,Vardis-Egen
2,0,Aeron-Greyjoy
2,0,Cromm
2,0,Praed
2,0,Brus-Buckler
2,0,Pyat-Pree
2,0,Dareon
2,0,Bonifer-Hasty
2,0,Tarber
2,0,Pate-(novice)
2,0,Halys-Hornwood
2,0,Florian-the-Fool
3,0,Shadrich
3,0,Rory
3,0,Val
3,0,Hyle-Hunt
3,0,Alliser-Thorne
3,0,Doran-Martell
3,0,Willow-Witch-eye
3,0,Jeor-Mormont
3,0,Clarence-Crabb
3,0,Elys-Waynwood
3,0,Ysilla
3,0,Dick-Crabb
3,0,Baelor-I-Targaryen
3,0,Groleo
3,0,Baelor-Blacktyde
3,0,Robert-Arryn
3,0,Belwas
3,0,Jaehaerys-I-Targaryen
3,0,Balon-Swann
3,0,Luton
3,0.0027472527472527514,Areo-Hotah
3,0,Bellegere-Otherys
3,0,Brea
3,0,Edmure-Tully
3,0,Meldred-Merlyn
3,0,Coldhands
3,0,Xaro-Xhoan-Daxos
3,0,Aegon-Targaryen-(son-of-Rhaegar)
3,0,Randyll-Tarly
3,0.19047619047619047,Varamyr
3,0,Morgo
3,0,Lorren
3,0,Hagen
3,0,Illifer
3,0,Melisandre
3,0,Harys-Swyft
3,0,Cleos-Frey
3,0,Dontos-Hollard
3,0,Narbert
3,0,Jon-Arryn
3,0,Ulmer
3,0,Rodrik-Cassel
3,0,Marselen
3,0,Sigorn
3,0,Addam-Marbrand
3,0,Malaquo-Maegyr
3,0,Pypar
3,0,Brandon-Norrey
3,0,Maegor-I-Targaryen
3,0,Nurse
3,0,Lewys-Piper
3,0,Tyene-Sand
3,0,Dalla
3,0,Barsena
3,0,Jhogo
3,0,Shireen-Baratheon
3,0,Sweets
3,0,Tormund
3,0,Quellon-Greyjoy
3,0,Cotter-Pyke
3,0,Qarl-the-Maid
3,0,Taena-of-Myr
3,0,Jonos-Bracken
3,0,Aegon-I-Targaryen
3,0,Jhiqui
3,0,Caggo
3,0,Gerrick-Kingsblood
3,0,Rickard-Karstark
3,0.10000000000000003,Jaime-Lannister
3,0,Daemon-Sand
3,0,Reznak-mo-Reznak
3,0,Brynden-Rivers
3,0,Greydon-Goodbrother
3,0,Rolly-Duckfield
3,0,Aemon-Targaryen-(Maester-Aemon)
3,0,Kasporio
3,0,Kojja-Mo
3,0,Shortear
3,0,Torghen-Flint
3,0,Ramsay-Snow
3,0,Scolera
3,0,Sarella-Sand
3,0,Mathis-Rowan
3,0,Unella
3,0,Marlon-Manderly
3,0,Luwin
3,0,Leo-Tyrell
3,0,Sour-Alyn
3,0,Rhaegar-Frey
3,0,Yurkhaz-zo-Yunzak
3,0,Blue-Bard
3,0,Jared-Frey
3,0,Tattered-Prince
3,0,Grazhar
3,0,Gorold-Goodbrother
3,0.32,Daenerys-Targaryen
3,0,Gormond-Goodbrother
3,0,Wylis-Manderly
3,0,Lysa-Arryn
3,0,Robert-Strong
3,0,Mya-Stone
3,0,Hareth-(Moles-Town)
3,0,Larraq
3,0,Kerwin
3,0,Clydas
3,0,Nymeria-Sand
3,0,Rowan
3,0,Galbart-Glover
3,0,Alys-Karstark
3,0,Gormon-Tyrell
3,0,Richard-Horpe
3,0,Willam-Dustin
3,0,Jon-Connington
3,0,Quaithe
3,0,Hotho-Harlaw
3,0,Skinner
3,0,Ben-Plumm
3,0,Eddison-Tollett
3,0,Pyg
3,0,Pycelle
3,0,Ygritte
3,0,Black-Balaq
3,0,Dunsen
3,0,Missandei
3,0,Walder-Frey-(son-of-Jammos)
3,0,Drogo
3,0,Belaquo
3,0,Ben-Bones
3,0,Xhondo
3,0,Ezzara
3,0,Walgrave
3,0,Colemon
3,0,Armen
3,0,Joffrey-Baratheon
3,0,Myrcella-Baratheon
3,0,Jeyne-Westerling
3,0,Azor-Ahai
3,0,Josmyn-Peckledon
3,0,Garlan-Tyrell
3,0,Vargo-Hoat
3,0,Loras-Tyrell
3,0,Timoth
3,0,Barristan-Selmy
3,0,Justin-Massey
3,0,Harras-Harlaw
3,0,Lollys-Stokeworth
3,0,Syrio-Forel
3,0.016666666666666677,Victarion-Greyjoy
3,0,Roslin-Frey
3,0,Waif
3,0,Jalabhar-Xho
3,0,Andrey-Dalt
3,0,Bartimus
3,0,Khrazz
3,0,Shitmouth
3,0,Willow-Heddle
3,0,Varys
3,0,Arron
3,0,Dorcas
3,0,Brus-Buckler
3,0,Gretchel
3,0,Barbrey-Dustin
3,0,Marghaz-zo-Loraq
3,0,Sylva-Santagar
3,0,Alleras
3,0,Garin-(orphan)
3,0,Trystane-Martell
3,0.0696969696969697,Bran-Stark
3,0,Osmund-Kettleblack
3,0,Corliss-Penny
3,0,Olenna-Redwyne
3,0,Eustace-Brune
3,0,Terrance-Lynderly
3,0,Mully
3,0,Tycho-Nestoris
3,0,Donal-Noye
3,0,Caleotte
3,0,Morra
3,0,Kevan-Lannister
3,0,Hugh-Hungerford
3,0,Eddard-Stark
3,0,Qezza
3,0,Elia-Martell
3,0.319634703196347,Cersei-Lannister
3,0,Denyo-Terys
3,0,Forley-Prester
3,0,Haldon
3,0,Davos-Seaworth
3,0,Rodrik-Harlaw
3,0,Harrold-Hardyng
3,0,Quentyn-Martell
3,0,Owen
3,0,Walda-Frey-(daughter-of-Merrett)
3,0,Umma
3,0,Creighton-Longbough
3,0,Mark-Mullendore
3,0,Garth-(Wolfs-Den)
3,0,Lyn-Corbray
3,0,Renly-Baratheon
3,0,Tytos-Blackwood
3,0,Gilly
3,0,Godry-Farring
3,0,Bowen-Marsh
3,0,Mance-Rayder
3,0,Osney-Kettleblack
3,0,Mors-Umber
3,0,Torwold-Browntooth
3,0,Mace-Tyrell
3,0,Emmon-Frey
3,0,Steelskin
3,0,Draqaz
3,0,Lanna-(Happy-Port)
3,0,Brella
3,0,Cedric-Payne
3,0,Moelle
3,0,Ricasso
3,0,Lyle-Crakehall
3,0,Kedry
3,0,Dryn
3,0.1333333333333333,Grimtongue
3,0,Wick-Whittlestick
3,0,Balman-Byrch
3,0,Daeron-II-Targaryen
3,0,Soren-Shieldbreaker
3,0,Leaf
3,0,Ronnet-Connington
3,0,Grey-Worm
3,0,Hugo-Vance
3,0,Meryn-Trant
3,0,Emmond
3,0,Tristifer-Botley
3,0,Holly
3,0,Mariya-Darry
3,0,Godric-Borrell
3,0,Aurane-Waters
3,0,Oberyn-Martell
3,0,Benedar-Belmore
3,0.025462962962962965,Euron-Greyjoy
3,0,Karyl-Vance
3,0,Aggo
3,0,Gendry
3,0,Rattleshirt
3,0,Edwyn-Frey
3,0,Torgon-Greyiron
3,0,Fulk
3,0,Cedra
3,0,Raymun-Redbeard
3,0,Ternesio-Terys
3,0,Brusco
3,0,Rugen
3,0,Roose-Bolton
3,0,Meris
3,0,Lysono-Maar
3,0,Joramun
3,0,Sybelle-Glover
3,0,Satin
3,0,Ellaria-Sand
3,0.0018140589569161022,Samwell-Tarly
3,0,Falyse-Stokeworth
3,0,Qavo-Nogarys
3,0,Meralyn
3,0,Sansa-Stark
3,0,Talbert-Serry
3,0,Hop-Robin
3,0,Anders-Yronwood
3,0,Qhorin-Halfhand
3,0,Boros-Blount
3,0,Tickler
3,0,Bloodbeard
3,0,Wyman-Manderly
3,0,Marillion
3,0,Lucifer-Long
3,0,Rus
3,0,Gregor-Clegane
3,0,Haggon
3,0.02840909090909091,Obara-Sand
3,0,Owen-Merryweather
3,0,Denys-Darklyn
3,0,Wun-Weg-Wun-Dar-Wun
3,0,Penny
3,0,Lambert-Turnberry
3,0,Tysha
3,0.018099547511312222,Arya-Stark
3,0.3133333333333333,Jon-Snow
3,0.0111111111111111,Megga-Tyrell
3,0,Gyles-Grafton
3,0,Miklaz
3,0,Willas-Tyrell
3,0,Todder
3,0,Sybell-Spicer
3,0,Hosteen-Frey
3,0,Lyanna-Stark
3,0,Rosey
3,0,Roose-Ryswell
3,0,Raynard
3,0,Arys-Oakheart
3,0,Walder-Rivers
3,0,Irri
3,0,Emrick
3,0,Robett-Glover
3,0,Hizdahr-zo-Loraq
3,0,Archibald-Yronwood
3,0,Theobald
3,0,Bronn
3,0,Yohn-Royce
3,0,Hero
3,0,Murenmure
3,0,Toregg
3,0,Tom-Barleycorn
3,0,Harl
3,0,Amerei-Frey
3,0,Bump
3,0,Dunstan-Drumm
3,0,Rhaegar-Targaryen
3,0,Lothor-Brune
3,0,Maggy
3,0,Qyburn
3,0.005871725383920508,Tyrion-Lannister
3,0,Ashara-Dayne
3,0,Beric-Dondarrion
3,0,Orton-Merryweather
3,0,Clayton-Suggs
3,0,Mezzara
3,0,Axell-Florent
3,0,Meribald
3,0,Hoster-Blackwood
3,0,Mollander
3,0,Gyles-Rosby
3,0,Yezzan-zo-Qaggaz
3,0,Aenys-Frey
3,0,Moqorro
3,0,Lucas-Codd
3,0,Robert-Baratheon
3,0,Jocelyn-Swyft
3,0,Wulfe
3,0,Rennifer-Longwaters
3,0,Biter
3,0,Jeyne-Heddle
3,0,Shagwell
3,0,Marya-Seaworth
3,0,Jorah-Mormont
3,0,Grenn
3,0,Hodor
3,0,Lemore
3,0,Tywin-Lannister
3,0,Spotted-Cat
3,0,Damon-Dance-for-Me
3,0,Longwater-Pyke
3,0,Quill
3,0,Tallad
3,0,Senelle
3,0,Patchface
3,0,Arthor-Karstark
3,0,Sawane-Botley
3,0,Nan
3,0,Theomore
3,0,Talea
3,0.033333333333333354,Goghor-the-Giant
3,0,Gerris-Drinkwater
3,0,Humfrey-Hewett
3,0,High-Septon-(Tyrions)
3,0.011204481792717089,Meera-Reed
3,0,Squirrel
3,0,Roone
3,0,Viserys-Targaryen
3,0,Gerold-Grafton
3,0,High-Sparrow
3,0,Skahaz-mo-Kandaq
3,0,Rickon-Stark
3,0,Walder-Frey-(son-of-Merrett)
3,0,Rafford
3,0,Alys-Arryn
3,0,Harry-Strickland
3,0,Rodrik-Sparr
3,0,Roger-Ryswell
3,0,Leathers
3,0,Gerold-Dayne
3,0,Daario-Naharis
3,0,Tanda-Stokeworth
3,0,Eroeh
3,0,Paxter-Redwyne
3,0,Lyanna-Mormont
3,0,Tybero-Istarion
3,0,Widower
3,0,Malegorn
3,0,Puckens
3,0,Othell-Yarwyck
3,0,Asha-Greyjoy
3,0,Alla-Tyrell
3,0,Torbert
3,0,Arnolf-Karstark
3,0,Nute
3,0.0661764705882353,Petyr-Baelish
3,0,Yellow-Dick
3,0,Garrett-Paege
3,0,Horton-Redfort
3,0,Benjen-Stark
3,0,Hobb
3,0,Camarron
3,0,Nestor-Royce
3,0,Robb-Stark
3,0,Shrouded-Lord
3,0,Hother-Umber
3,0,Craster
3,0,William-Foxglove
3,0,Old-Bill-Bone
3,0,Ryman-Frey
3,0,Benerro
3,0,Garth-Tyrell
3,0,Podrick-Payne
3,0,Jeyne-Poole
3,0,Pia
3,0,Timeon
3,0,Narbert-Grandison
3,0,Cleon
3,0,Anya-Waynwood
3,0,Rhaenys-Targaryen-(daughter-of-Rhaegar)
3,0,Franklyn-Fowler
3,0,Ralf-Stonehouse
3,0,Jeyne-Farman
3,0,Brynden-Tully
3,0,Elder-Brother
3,0,Leona-Woolfield
3,0,Marwyn
3,0,Kindly-Man
3,0,Illyrio-Mopatis
3,0,Walder-Frey
3,0,Elbert-Arryn
3,0,Garth-Greyfeather
3,0,Margaery-Tyrell
3,0,Denzo-Dhan
3,0,Gilwood-Hunter
3,0,Aeron-Greyjoy
3,0,Osfryd-Kettleblack
3,0,Galazza-Galare
3,0,Nyessos-Vhassar
3,0,Rakharo
3,0,Lancel-Lannister
3,0,Jojen-Reed
3,0,Rolfe-the-Dwarf
3,0,Cletus-Yronwood
3,0,Pono
3,0,Scar
3,0,Hairy-Hal
3,0,Alysane-Mormont
3,0,Quhuru-Mo
3,0,Shae
3,0,Emmett
3,0,Elinor-Tyrell
3,0,Zollo
3,0,Weeper
3,0,Myranda-Royce
3,0,Maege-Mormont
3,0,Catelyn-Stark
3,0,Aerys-II-Targaryen
3,0,Franklyn-Flowers
3,0,Mellei
3,0,Ralf-(Limper)
3,0,Cellador
3,0,Yorko-Terys
3,0.38070175438596493,Arianne-Martell
3,0,Joy-Hill
3,0,Grunt
3,0,Moon-Boy
3,0,Frenya
3,0,Harwood-Stout
3,0,Janos-Slynt
3,0,Lyonel-Corbray
3,0,Selyse-Florent
3,0,Thistle
3,0,Sandor-Clegane
3,0,Dareon
3,0,Clement-Piper
3,0,Melara-Hetherspoon
3,0,Genna-Lannister
3,0,Wex-Pyke
3,0,Manfrey-Martell
3,0,Denys-Mallister
3,0,Ilyn-Payne
3,0,Pate-(whipping-boy)
3,0,Salladhor-Saan
3,0,Symon-Stripeback
3,0,Red-Oarsman
3,0,Dick-Straw
3,0,Ghael
3,0,Myles-Toyne
3,0,Maddy
3,0,Symond-Templeton
3,0,Jon-Umber-(Greatjon)
3,0,Sigfryd-Harlaw
3,0,Brienne-of-Tarth
3,0,Patrek-of-Kings-Mountain
3,0,Cromm
3,0,Balon-Greyjoy
3,0,Daven-Lannister
3,0,Stannis-Baratheon
3,0,Jack-Bulwer
3,0,Devan-Seaworth
3,0,Benethon-Scales
3,0.03525641025641026,Theon-Greyjoy
3,0,Thoros-of-Myr
3,0,Bonifer-Hasty
3,0,Tommen-Baratheon
3,0,Aegon-V-Targaryen
3,0.031746031746031744,Pate-(novice)
3,0,Yandry
3,0,Captain-Myraham
3,0,Quaro
3,0,Robin-Flint
3,0,Lynesse-Hightower
3,0,Imry-Florent
3,0,Farlen
3,0,Bryce-Caron
3,0,Albett
3,0,Lark
3,0,Desmond
3,0,Donella-Hornwood
3,0,Rolph-Spicer
3,0,Jonothor-Darry
3,0,Ballabar
3,0,Jon-Fossoway
3,0,Squint
3,0,Pylos
3,0,Tobho-Mott
3,0,Gerald-Gower
3,0,Rossart
3,0,Rast
3,0,Ryk
3,0,Reek
3,0,Merrit
3,0,Bael-the-Bard
3,0,Jaqen-Hghar
3,0,Mero
3,0,Olyvar-Frey
3,0,Chayle
3,0,Dolf
3,0,Ebben
3,0,Dick-Follard
3,0,Big-Boil
3,0,Conn
3,0,Cley-Cerwyn
3,0,Mad-Huntsman
3,0,Lorent-Caswell
3,0,Hullen
3,0,Daeron-I-Targaryen
3,0,Ottyn-Wythers
3,0,Grisel
3,0,Petyr-Frey
3,0,Smiling-Knight
3,0,Tom-of-Sevenstreams
3,0,Chataya
3,0,Clubfoot-Karl
3,0,Ogo
3,0,Ravella-Swann
3,0,Chett
3,0,Stygg
3,0,Cayn
3,0,Gared
3,0,Mallador-Locke
3,0,Palla
3,0,Edric-Storm
3,0,Steffon-Varner
3,0,Gynir
3,0,Anguy
3,0,Matthar
3,0,Joseth
3,0,Orell
3,0,Steffon-Baratheon
3,0,Brenett
3,0,Mycah
3,0,Marq-Piper
3,0,Aggar
3,0,Kella
3,0,Porridge
3,0,Varly
3,0,Tomard
3,0,Timett
3,0,Jason-Mallister
3,0,Willis-Wode
3,0,Lothar-Frey
3,0,Helman-Tallhart
3,0,Matthos-Seaworth
3,0,Dywen
3,0,Robin-Ryger
3,0,Selwyn-Tarth
3,0,Guncer-Sunglass
3,0,Dalbridge
3,0,Rhaego
3,0,Munda
3,0,Will-(prologue)
3,0,Polliver
3,0,Kurleket
3,0,Lommy-Greenhands
3,0,Cutjack
3,0,Torrhen-Karstark
3,0,Kegs
3,0,Moreo-Tumitis
3,0,Oznak-zo-Pahl
3,0,Harwin
3,0,Rorge
3,0,Rhaenys-Targaryen
3,0,Stiv
3,0,Elmar-Frey
3,0,Mord
3,0,Khorane-Sathmantes
3,0,Amory-Lorch
3,0,Beth-Cassel
3,0,Alyn
3,0,Mag-Mar-Tun-Doh-Weg
3,0,Daryn-Hornwood
3,0,Leo-Lefford
3,0,Aron-Santagar
3,0,Danwell-Frey
3,0,Cortnay-Penrose
3,0,Morrec
3,0,Mychel-Redfort
3,0,Blane
3,0,Ardrian-Celtigar
3,0,Alerie-Hightower
3,0,Hot-Pie
3,0,Small-Paul
3,0,Hugh
3,0,Stevron-Frey
3,0,Fogo
3,0,Jacks
3,0,Tristifer-IV-Mudd
3,0,Harren-Hoare
3,0,Robar-Royce
3,0,Gariss
3,0,Mirri-Maz-Duur
3,0,Kurz
3,0,Eon-Hunter
3,0,Softfoot
3,0,Tion-Frey
3,0,Vyman
3,0,Tregar
3,0,Kyra
3,0,Byam-Flint
3,0,Frenken
3,0,Arthur-Dayne
3,0,Chiggen
3,0,Hali
3,0,Sallor
3,0,Guyard-Morrigen
3,0,Eldon-Estermont
3,0,Hobber-Redwyne
3,0,Arson
3,0,Visenya-Targaryen
3,0,Howland-Reed
3,0,Vayon-Poole
3,0,Hallyne
3,0,Zei
3,0,Wendel-Manderly
3,0,Dagmer
3,0,Tansy
3,0,Koss
3,0,Grazdan-mo-Eraz
3,0,Vylarr
3,0,Spare-Boot
3,0,Prendahl-na-Ghezn
3,0,Dobber
3,0,Walton
3,0,Qotho
3,0,Dirk
3,0,Hoster-Tully
3,0,Simon-Toyne
3,0,Captain-Myraham-Daughter
3,0,Harma
3,0,Gerold-Hightower
3,0,Husband
3,0,Leonette-Fossoway
3,0,Stafford-Lannister
3,0,Hake
3,0,Weasel
3,0,Colen-of-Greenpools
3,0,Yoren
3,0,Joanna-Lannister
3,0,Maekar-I-Targaryen
3,0,Thoren-Smallwood
3,0,Porther
3,0,Gunthor-son-of-Gurn
3,0,Grigg
3,0,Jarman-Buckwell
3,0,Rhaella-Targaryen
3,0,Weese
3,0,Gawen-Westerling
3,0,Murch
3,0,Lamprey
3,0,Haggo
3,0,Dancy
3,0,Jafer-Flowers
3,0,Oswell-Kettleblack
3,0,Urzen
3,0,Rollam-Westerling
3,0,Allar-Deem
3,0,Martyn-Rivers
3,0,Monford-Velaryon
3,0,Mebble
3,0,Osha
3,0,Coratt
3,0,Watt
3,0,Jonquil
3,0,Symon-Silver-Tongue
3,0,Ulf-son-of-Umar
3,0,Halder
3,0,Doreah
3,0,Lewyn-Martell
3,0,Desmond-Grell
3,0,Arstan
3,0,Raynald-Westerling
3,0,Kraznys-mo-Nakloz
3,0,Willem-Lannister
3,0,Brandon-Stark
3,0,Cohollo
3,0,Urswyck
3,0,Preston-Greenfield
3,0,Oswell-Whent
3,0,Bannen
3,0,Shadd
3,0,Alayaya
3,0,Andrew-Estermont
3,0,Mandon-Moore
3,0,Chiswyck
3,0,Martyn-Lannister
3,0,Raymun-Darry
3,0,Alebelly
3,0,Horas-Redwyne
3,0,Wynton-Stout
3,0,Alester-Florent
3,0,Allard-Seaworth
3,0,Jory-Cassel
3,0,Heward
3,0,Aemon-Targaryen-(Dragonknight)
3,0,Utherydes-Wayn
3,0,Othor
3,0,Wyl-(guard)
3,0,Waymar-Royce
3,0,Bedwyck
3,0,High-Septon-(fat_one)
3,0,Emmon-Cuy
3,0,Shagga
3,0,Drennan
3,0,Werlag
3,0,Masha-Heddle
3,0,Woth
3,0,Poxy-Tym
3,0,Rickard-Stark
3,0,Amabel
3,0,Jon-Umber-(Smalljon)
3,0,Torrhen-Stark
3,0,Donnel-Waynwood
3,0,Butterbumps
3,0,Chella
3,0,Merrett-Frey
3,0,Lem
3,0,Nage
3,0,Wylla
3,0,Dacey-Mormont
3,0,Rhaegel-Targaryen
3,0,Maron-Greyjoy
3,0,Jyck
3,0,Mikken
3,0,Aerys-I-Targaryen
3,0,Pate-(Old)
3,0,Galyeon-of-Cuy
3,0,Jaremy-Rykker
3,0,Jommo
3,0,Stonesnake
3,0,Mordane
3,0,Errok
3,0,Harra
3,0,Gelmarr
3,0,Arwyn-Oakheart
3,0,Leobald-Tallhart
3,0,Hayhead
3,0,Jarl
3,0,Jack-Be-Lucky
3,0,Aegon-Frey-(son-of-Stevron)
3,0,Cressen
3,0,Joss
3,0,Perwyn-Frey
3,0,Jacelyn-Bywater
3,0,Benfred-Tallhart
3,0,Hallis-Mollen
3,0,Ragwyle
3,0,Sharna
3,0,Vardis-Egen
3,0,Gorne
3,0,Praed
3,0,Gendel
3,0,Pyat-Pree
3,0,Styr
3,0,Tarber
3,0,Halys-Hornwood
3,0,Florian-the-Fool
3,0,Greenbeard
